{
  "sections": {
    "header": {
      "type": "header",
      "settings": {}
    },
    "hero-banner": {
      "type": "hero-banner",
      "settings": {}
    },
    "featured-collections": {
      "type": "featured-collections",
      "settings": {}
    },
    "offer": {
      "type": "offer",
      "settings": {}
    },
    "footer": {
      "type": "footer",
      "settings": {}
    }
  },
  "order": [
    "header",
    "hero-banner",
    "featured-collections",
    "offer",
    "footer"
  ]
} 